forecast_bias,records,avg_units_sold,avg_demand_forecast,avg_forecast_error,avg_absolute_forecast_error,avg_inventory_buffer,reorder_risk_rate
Under-forecasted,45160,20.242936226749336,17.86636691762622,2.3765693091231177,2.3765693091231177,170.97139061116033,0.056067316209034546
Over-forecasted,45649,19.999474249162084,22.405494096256216,-2.406019847094131,2.406019847094131,171.85539661328835,0.054743805997940806
Neutral,441,6.467120181405896,6.467120181405896,0.0,0.0,179.39002267573696,0.022675736961451247
