promotion_flag,records,avg_units_sold,avg_demand_forecast,avg_forecast_error,avg_absolute_forecast_error,avg_inventory_buffer,reorder_risk_rate
0,81980,19.504976823615515,19.534175530617222,-0.029198707001707735,2.382166747987314,172.01573554525493,0.05335447670163455
1,9270,24.914886731391586,24.927057173678534,-0.012170442286947152,2.3590334412081986,166.4893203883495,0.07195253505933118
