risk_segment,sku_warehouse_records,avg_reorder_risk_rate,avg_inventory_buffer,avg_units_sold,avg_lead_time,avg_absolute_forecast_error,avg_promotion_rate
Lowest risk,81,0.05154743784880771,182.09223744292237,19.99976323355319,7.901234567901234,2.3836952477591744,0.1015389819042787
Lower-mid risk,76,0.0547945205479452,171.18731074260995,20.038320115356886,7.815789473684211,2.3797721701514063,0.10136986301369863
Upper-mid risk,58,0.057534246575342465,165.3811053377421,20.073358526216342,8.637931034482758,2.3850155880963624,0.10108644307982996
Highest risk,35,0.060978473581213305,157.47906066536203,20.185518590998043,7.457142857142857,2.362321722113503,0.10301369863013699
